"nid","Last.Name","First.Name","Middle.Name","Suffix","Birth.Year","Death.Year","app_1_circ","app_1_beg_yr","app_1_end_yr","app_2_circ","app_2_beg_yr","app_2_end_yr","app_3_circ","app_3_beg_yr","app_3_end_yr","app_4_circ","app_4_beg_yr","app_4_end_yr"
1376981,"Acheson","Marcus","Wilson"," ","1828",1906,"","","","","","","3","1891","1906","","",""
1377011,"Adams","Arlin","Marvin"," ","1921",2015,"3","1969","1987","","","","","","","","",""
1377016,"Adams","Elmer","Bragg"," ","1842",1916,"","","","","","","8","1905","1916","","",""
1392706,"Agee","G.","Steven"," ","1952",,"4","2008","","","","","","","","","",""
1377051,"Ainsworth","Robert","Andrew","Jr.","1910",1981,"","","","5","1966","1981","","","","","",""
1377066,"Alarcón","Arthur","Lawrence"," ","1925",2015,"9","1979","2015","","","","","","","","",""
1377076,"Aldisert","Ruggero","John"," ","1919",2014,"3","1968","2014","","","","","","","","",""
1377086,"Aldrich","Bailey"," "," ","1907",2002,"","","","1","1959","2002","","","","","",""
1377101,"Alito","Samuel","A.","Jr.","1950",,"3","1990","2006","","","","","","","","",""
1377111,"Allen","Florence","Ellinwood"," ","1884",1966,"6","1934","1966","","","","","","","","",""
1390376,"Almond","James","Lindsay","Jr.","1898",1986,"","","","FED","1982","1986","","","","","",""
1377136,"Alschuler","Samuel"," "," ","1859",1939,"7","1916","1939","","","","","","","","",""
1377146,"Altimari","Frank","X."," ","1928",1998,"","","","2","1985","1998","","","","","",""
1377151,"Alvey","Richard","Henry"," ","1826",1906,"DC","1893","1905","","","","","","","","",""
1391086,"Ambro","Thomas","L."," ","1949",,"3","2000","","","","","","","","","",""
1377176,"Anderson","Albert","Barnes"," ","1857",1938,"","","","7","1925","1938","","","","","",""
1377191,"Anderson","George","Weston"," ","1861",1938,"1","1918","1938","","","","","","","","",""
1377201,"Anderson","J.","Blaine"," ","1922",1988,"","","","9","1976","1988","","","","","",""
1377216,"Anderson","Robert","Palmer"," ","1906",1978,"","","","2","1964","1978","","","","","",""
1377211,"Anderson","R[obert]","Lanier","III","1936",,"5","1979","1981","11","1981","","","","","","",""
1377221,"Anderson","Stephen","Hale"," ","1932",,"10","1985","","","","","","","","","",""
1377236,"Arant","Herschel","Whitfield"," ","1887",1941,"6","1939","1941","","","","","","","","",""
1377251,"Archbald","Robert","Wodrow"," ","1848",1926,"","","","","","","3","1911","1913","","",""
1377256,"Archer","Glenn","Leroy","Jr.","1929",2011,"FED","1985","2011","","","","","","","","",""
1377266,"Arnold","Morris","Sheppard"," ","1941",,"","","","8","1992","","","","","","",""
1377271,"Arnold","Richard","Sheppard"," ","1936",2004,"","","","","","","8","1980","2004","","",""
1377276,"Arnold","Thurman","Wesley"," ","1891",1969,"DC","1943","1945","","","","","","","","",""
1394126,"Bacharach","Robert","Edwin"," ","1959",,"10","2013","","","","","","","","","",""
6202901,"Bade","Bridget","Shelton","","1965",,"9","2019","","","","","","","","","",""
1377356,"Baker","Francis","Elisha"," ","1860",1924,"","","","7","1902","1924","","","","","",""
1377376,"Baldock","Bobby","Ray"," ","1936",,"","","","10","1985","","","","","","",""
1377396,"Baldwin","Phillip","Benjamin"," ","1924",2002,"","","","FED","1982","1991","","","","","",""
1377446,"Barkett","Rosemary"," "," ","1939",,"11","1994","2013","","","","","","","","",""
1377456,"Barksdale","Rhesa","Hawkins"," ","1944",,"5","1990","","","","","","","","","",""
1377486,"Barnes","Stanley","Nelson"," ","1900",1990,"9","1956","1990","","","","","","","","",""
3979311,"Barrett","Amy","Coney","","1972",,"7","2017","2020","","","","","","","","",""
1377496,"Barrett","James","Emmett"," ","1922",2011,"10","1971","2011","","","","","","","","",""
1394531,"Barron","David","Jeremiah"," ","1967",,"1","2014","","","","","","","","","",""
1377511,"Barry","Maryanne","Trump"," ","1937",,"","","","3","1999","2019","","","","","",""
1377541,"Bastian","Walter","Maximillian"," ","1891",1975,"","","","DC","1954","1975","","","","","",""
1377546,"Batchelder","Alice","Moore"," ","1944",,"","","","6","1991","","","","","","",""
1377571,"Batts","Robert","Lynn"," ","1864",1935,"5","1917","1919","","","","","","","","",""
1377576,"Bauer","William","Joseph"," ","1926",,"","","","7","1974","","","","","","",""
1377591,"Bazelon","David","L."," ","1909",1993,"DC","1950","1993","","","","","","","","",""
1392016,"Bea","Carlos","T."," ","1934",,"9","2003","","","","","","","","","",""
1377596,"Beam","C[larence]","Arlen"," ","1930",,"","","","8","1987","","","","","","",""
1377646,"Becker","Edward","Roy"," ","1933",2006,"","","","3","1981","2006","","","","","",""
1377681,"Beezer","Robert","R."," ","1928",2012,"9","1984","2012","","","","","","","","",""
1377691,"Bell","Griffin","Boyette"," ","1918",2009,"5","1962","1976","","","","","","","","",""
1377696,"Bell","J.","Spencer"," ","1906",1967,"4","1961","1967","","","","","","","","",""
1377731,"Benavides","Fortunato","Pedro"," ","1947",,"5","1994","","","","","","","","","",""
1377741,"Bennett","Marion","Tinsley"," ","1914",2000,"","","","FED","1982","2000","","","","","",""
4908101,"Bennett","Mark","Jeremy","","1953",,"9","2018","","","","","","","","","",""
1392186,"Benton","William","Duane"," ","1950",,"8","2004","","","","","","","","","",""
1391116,"Berzon","Marsha","Siegel"," ","1945",,"9","2000","","","","","","","","","",""
1392311,"Bianco","Joseph","Frank"," ","1966",,"","","","2","2019","","","","","","",""
3989731,"Bibas","Stephanos","","","1969",,"3","2017","","","","","","","","","",""
1377796,"Biddle","Francis"," "," ","1886",1968,"3","1939","1940","","","","","","","","",""
1377816,"Biggs","John"," ","Jr.","1895",1979,"3","1937","1979","","","","","","","","",""
1377841,"Bingham","George","Hutchins"," ","1864",1949,"1","1913","1949","","","","","","","","",""
1377846,"Birch","Stanley","F.","Jr.","1945",,"11","1990","2010","","","","","","","","",""
1377851,"Bissell","Jean","Galloway"," ","1936",1990,"FED","1984","1990","","","","","","","","",""
1377886,"Black","Susan","Harrell"," ","1943",,"","","","11","1992","","","","","","",""
1377901,"Blackmun","Harry","Andrew"," ","1908",1999,"8","1959","1970","","","","","","","","",""
1377976,"Boggs","Danny","Julian"," ","1944",,"6","1986","","","","","","","","","",""
1377996,"Bond","Hugh","Lennox"," ","1828",1893,"","","","4","1891","1893","","","","","",""
1378006,"Bone","Homer","Truett"," ","1883",1970,"9","1944","1970","","","","","","","","",""
1378021,"Boochever","Robert"," "," ","1917",2011,"9","1980","2011","","","","","","","","",""
1378026,"Booth","Wilbur","Franklin"," ","1861",1944,"","","","8","1925","1944","","","","","",""
1378036,"Borah","Wayne","G."," ","1891",1966,"","","","5","1949","1966","","","","","",""
1378041,"Boreman","Herbert","Stephenson"," ","1897",1982,"","","","4","1959","1982","","","","","",""
1378046,"Bork","Robert","Heron"," ","1927",2012,"DC","1982","1988","","","","","","","","",""
1378056,"Boudin","Michael"," "," ","1939",,"","","","1","1992","2021","","","","","",""
1378081,"Bowman","Pasco","Middleton","II","1933",,"8","1983","","","","","","","","","",""
1378086,"Bownes","Hugh","Henry"," ","1920",2003,"","","","1","1977","2003","","","","","",""
4237586,"Branch","Elizabeth","Lee","","1968",,"11","2018","","","","","","","","","",""
6383991,"Brasher","Andrew","Lynn","","1981",,"","","","11","2020","","","","","","",""
1378186,"Bratton","Sam","Gilbert"," ","1888",1963,"10","1933","1963","","","","","","","","",""
1378201,"Breitenstein","Jean","Sala"," ","1900",1986,"","","","10","1957","1986","","","","","",""
4602991,"Brennan","Michael","Brian","","1963",,"7","2018","","","","","","","","","",""
6729576,"Bress","Daniel","Aaron","","1979",,"9","2019","","","","","","","","","",""
1378241,"Breyer","Stephen","Gerald"," ","1938",,"1","1980","1994","","","","","","","","",""
1378261,"Bright","Myron","H."," ","1919",2016,"8","1968","2016","","","","","","","","",""
1378281,"Briscoe","Mary","Beck"," ","1947",,"10","1995","","","","","","","","","",""
1378346,"Brooks","Henry","Luesing"," ","1905",1971,"","","","6","1969","1971","","","","","",""
1378356,"Brorby","Wade"," "," ","1934",,"10","1988","","","","","","","","","",""
1378376,"Brown","Bailey"," "," ","1917",2004,"","","","6","1979","1997","","","","","",""
1392276,"Brown","Janice","Rogers"," ","1949",,"DC","2005","2017","","","","","","","","",""
1378391,"Brown","John","Robert"," ","1909",1993,"5","1955","1993","","","","","","","","",""
1378416,"Browning","James","Robert"," ","1918",2012,"9","1961","2012","","","","","","","","",""
1378436,"Brunetti","Melvin","T."," ","1933",2009,"9","1985","2009","","","","","","","","",""
1378441,"Bryan","Albert","Vickers"," ","1899",1984,"","","","4","1961","1984","","","","","",""
1378461,"Bryan","Nathan","Philemon"," ","1872",1935,"5","1920","1935","","","","","","","","",""
1378491,"Bryson","William","Curtis"," ","1945",,"FED","1994","","","","","","","","","",""
1378511,"Buckley","James","Lane"," ","1923",,"DC","1985","","","","","","","","","",""
1378531,"Buffington","Joseph"," "," ","1855",1947,"","","","","","","3","1906","1947","","",""
7499211,"Bumatay","Patrick","Joseph","","1978",,"9","2019","","","","","","","","","",""
1378561,"Burger","Warren","Earl"," ","1907",1995,"DC","1956","1969","","","","","","","","",""
3114866,"Bush","John","Kenneth","","1964",,"6","2017","","","","","","","","","",""
1378651,"Butzner","John","Decker","Jr.","1917",2006,"","","","4","1967","2006","","","","","",""
1391741,"Bybee","Jay","S."," ","1953",,"9","2003","","","","","","","","","",""
1391096,"Bye","Kermit","Edward"," ","1937",2021,"8","2000","2016","","","","","","","","",""
1378686,"Cabranes","José","Alberto"," ","1940",,"","","","2","1994","","","","","","",""
1378726,"Calabresi","Guido"," "," ","1932",,"2","1994","","","","","","","","","",""
1378736,"Caldwell","Henry","Clay"," ","1832",1915,"","","","","","","","","","8","1891","1903"
1391846,"Callahan","Consuelo","Maria"," ","1950",,"9","2003","","","","","","","","","",""
1378761,"Cameron","Benjamin","Franklin"," ","1890",1964,"5","1955","1964","","","","","","","","",""
1378781,"Campbell","Levin","Hicks"," ","1927",,"","","","1","1972","","","","","","",""
1378816,"Canby","William","Cameron","Jr.","1931",,"9","1980","","","","","","","","","",""
1378831,"Cardamone","Richard","J."," ","1925",2015,"2","1981","2015","","","","","","","","",""
1378841,"Carland","John","Emmett"," ","1853",1922,"","","","","","","8","1911","1922","","",""
1378846,"Carnes","Edward","Earl"," ","1950",,"11","1992","","","","","","","","","",""
1378851,"Carnes","Julie","E."," ","1950",,"","","","11","2014","","","","","","",""
1393711,"Carney","Susan","Laura"," ","1951",,"2","2011","","","","","","","","","",""
4625001,"Carson","Joel","McElroy","III","1971",,"10","2018","","","","","","","","","",""
1378896,"Carswell","George","Harrold"," ","1919",1992,"","","","5","1969","1970","","","","","",""
1378906,"Carter","James","Marshall"," ","1904",1979,"","","","9","1967","1979","","","","","",""
1378951,"Castle","Latham"," "," ","1900",1986,"7","1959","1986","","","","","","","","",""
1378981,"Cecil","Lester","LeFevre"," ","1893",1982,"","","","6","1959","1982","","","","","",""
1378991,"Celebrezze","Anthony","Joseph"," ","1910",1998,"6","1965","1998","","","","","","","","",""
1392371,"Chagares","Michael","A."," ","1962",,"3","2006","","","","","","","","","",""
1379001,"Chambers","Richard","Harvey"," ","1906",1994,"9","1954","1994","","","","","","","","",""
1379011,"Chapman","Robert","Foster"," ","1926",2018,"","","","4","1981","2018","","","","","",""
1379021,"Chase","Harrie","Brigham"," ","1889",1969,"2","1929","1969","","","","","","","","",""
1394261,"Chen","Raymond","T."," ","1968",,"FED","2013","","","","","","","","","",""
1391851,"Chertoff","Michael"," "," ","1953",,"3","2003","2005","","","","","","","","",""
1379061,"Chin","Denny"," "," ","1954",,"","","","2","2010","","","","","","",""
1379086,"Choy","Herbert","Young Cho"," ","1916",2004,"9","1971","2004","","","","","","","","",""
1393881,"Christen","Morgan"," "," ","1961",,"9","2012","","","","","","","","","",""
1379136,"Clark","Bennett","Champ"," ","1890",1954,"DC","1945","1954","","","","","","","","",""
1379141,"Clark","Charles"," "," ","1925",2011,"5","1969","1992","","","","","","","","",""
1379151,"Clark","Charles","Edward"," ","1889",1963,"2","1939","1963","","","","","","","","",""
1379171,"Clark","Thomas","Alonzo"," ","1920",2005,"5","1979","1981","11","1981","2005","","","","","",""
1379181,"Clark","William"," "," ","1891",1957,"","","","3","1938","1943","","","","","",""
1390456,"Clay","Eric","L."," ","1948",,"6","1997","","","","","","","","","",""
1379211,"Clayton","Claude","Feemster"," ","1909",1969,"","","","5","1967","1969","","","","","",""
1379226,"Clement","Edith","Brown"," ","1948",,"","","","5","2001","","","","","","",""
1379236,"Clevenger","Raymond","Charles","III","1937",,"FED","1990","","","","","","","","","",""
1391546,"Clifton","Richard","R."," ","1950",,"9","2002","","","","","","","","","",""
1379281,"Coffey","John","Louis"," ","1922",2012,"7","1982","2012","","","","","","","","",""
1379286,"Coffin","Frank","Morey"," ","1919",2009,"1","1965","2009","","","","","","","","",""
1379321,"Cole","Ransey","Guy","Jr.","1951",,"6","1995","","","","","","","","","",""
1379331,"Coleman","James","Plemon"," ","1914",1991,"5","1965","1984","","","","","","","","",""
1379341,"Collet","John","Caskie"," ","1898",1955,"","","","","","","8","1947","1955","","",""
6480596,"Collins","Daniel","Paul","","1963",,"9","2019","","","","","","","","","",""
1391956,"Colloton","Steven","M."," ","1963",,"8","2003","","","","","","","","","",""
1379371,"Colt","LeBaron","Bradford"," ","1846",1924,"","","","","","","1","1891","1913","","",""
1379376,"Combs","Bertram","Thomas"," ","1911",1991,"6","1967","1970","","","","","","","","",""
1379451,"Contie","Leroy","John","Jr.","1920",2001,"","","","6","1982","2001","","","","","",""
1391826,"Cook","Deborah","L."," ","1952",,"6","2003","","","","","","","","","",""
1393961,"Costa","Gregg","Jeffrey"," ","1972",,"","","","5","2014","","","","","","",""
1379531,"Cotteral","John","Hazelton"," ","1864",1933,"","","","8","1928","1929","10","1929","1933","","",""
1390351,"Cowen","Arnold","Wilson"," ","1905",2007,"","","","FED","1982","2007","","","","","",""
1379556,"Cowen","Robert","E."," ","1930",,"","","","3","1987","","","","","","",""
1379566,"Cox","Emmett","Ripley"," ","1935",2021,"","","","11","1988","2021","","","","","",""
1379591,"Coxe","Alfred","Conkling","Sr.","1847",1923,"","","","","","","2","1902","1917","","",""
1379621,"Craven","James","Braxton","Jr.","1918",1977,"","","","4","1966","1977","","","","","",""
1379656,"Cudahy","Richard","Dickson"," ","1926",2015,"7","1979","2015","","","","","","","","",""
1379666,"Cummings","Walter","Joseph"," ","1916",1999,"7","1966","1999","","","","","","","","",""
10376611,"Cunningham","Tiffany","Patrice","","1976",,"FED","2021","","","","","","","","","",""
1379716,"Cyr","Conrad","Keefe"," ","1931",2016,"","","","1","1989","2016","","","","","",""
1379721,"Dallas","George","Mifflin"," ","1839",1917,"","","","3","1892","1909","","","","","",""
1379741,"Danaher","John","Anthony"," ","1899",1990,"DC","1954","1990","","","","","","","","",""
1379771,"Daughtrey","Martha","Craig"," ","1942",,"6","1993","","","","","","","","","",""
1379806,"Davis","Andre","Maurice"," ","1949",,"","","","4","2009","2017","","","","","",""
1379846,"Davis","John","Warren"," ","1867",1945,"","","","3","1920","1941","","","","","",""
1390356,"Davis","Oscar","Hirsh"," ","1914",1988,"","","","FED","1982","1988","","","","","",""
1379861,"Davis","W.","Eugene"," ","1936",,"","","","5","1983","","","","","","",""
1379896,"Day","William","Rufus"," ","1849",1923,"","","","6","1899","1903","","","","","",""
1379961,"DeMoss","Harold","R.","Jr.","1930",2020,"5","1991","2015","","","","","","","","",""
1379966,"Denison","Arthur","Carter"," ","1861",1942,"","","","","","","6","1911","1931","","",""
1379971,"Denman","William"," "," ","1872",1959,"9","1935","1959","","","","","","","","",""
1379981,"Dennis","James","L."," ","1936",,"5","1995","","","","","","","","","",""
1393541,"Diaz","Albert"," "," ","1960",,"4","2010","","","","","","","","","",""
1380046,"Dietrich","Frank","Sigel"," ","1863",1930,"","","","9","1927","1930","","","","","",""
1380081,"Dobie","Armistead","Mason"," ","1881",1962,"","","","4","1940","1962","","","","","",""
1380086,"Dodge","Frederic"," "," ","1847",1927,"","","","1","1912","1918","","","","","",""
1380101,"Donahue","Maurice","H."," ","1864",1928,"6","1919","1928","","","","","","","","",""
1380106,"Donald","Bernice","Bouie"," ","1951",,"","","","6","2011","","","","","","",""
1380176,"Doyle","William","Edward"," ","1911",1986,"","","","10","1971","1986","","","","","",""
1390466,"Droney","Christopher","Fitzgerald"," ","1954",,"","","","2","2011","2020","","","","","",""
1380211,"Dubina","Joel","Fredrick"," ","1947",,"","","","11","1990","","","","","","",""
1380221,"Duell","Charles","Holland"," ","1850",1920,"DC","1905","1906","","","","","","","","",""
1380231,"Duffy","Francis","Ryan"," ","1888",1979,"","","","7","1949","1979","","","","","",""
1380251,"Duhe","John","Malcolm","Jr.","1933",,"","","","5","1988","","","","","","",""
1391911,"Duncan","Allyson","Kay"," ","1951",,"4","2003","2019","","","","","","","","",""
4517676,"Duncan","Stuart","Kyle","","1972",,"5","2018","","","","","","","","","",""
1380276,"Duniway","Benjamin","Cushing"," ","1907",1986,"9","1961","1986","","","","","","","","",""
1380326,"Dyer","David","William"," ","1910",1998,"","","","5","1966","1981","11","1981","1998","","",""
1391141,"Dyk","Timothy","B."," ","1937",,"FED","2000","","","","","","","","","",""
1380341,"Easterbrook","Frank","Hoover"," ","1948",,"7","1985","","","","","","","","","",""
1380351,"Ebel","David","M."," ","1940",,"10","1988","","","","","","","","","",""
1380391,"Edgerton","Henry","White"," ","1888",1970,"DC","1937","1970","","","","","","","","",""
1380396,"Edmondson","James","Larry"," ","1947",,"11","1986","","","","","","","","","",""
1380406,"Edwards","George","Clifton","Jr.","1914",1995,"6","1963","1995","","","","","","","","",""
1380411,"Edwards","Harry","Thomas"," ","1940",,"DC","1980","","","","","","","","","",""
3989726,"Eid","Allison","Hartwell","","1965",,"10","2017","","","","","","","","","",""
1392631,"Elrod","Jennifer","Walker"," ","1966",,"5","2007","","","","","","","","","",""
1380481,"Ely","Walter","Raleigh","Jr.","1913",1984,"9","1964","1984","","","","","","","","",""
1380491,"Engel","Albert","Joseph"," ","1924",2013,"","","","6","1973","2013","","","","","",""
1391351,"Engelhardt","Kurt","Damian"," ","1960",,"","","","5","2018","","","","","","",""
1391751,"Erickson","Ralph","R."," ","1959",,"","","","8","2017","","","","","","",""
1380526,"Ervin","Samuel","James","III","1926",1999,"4","1980","1999","","","","","","","","",""
1380536,"Eschbach","Jesse","Ernest"," ","1920",2005,"","","","7","1981","2005","","","","","",""
1380561,"Evans","Evan","Alfred"," ","1876",1948,"7","1916","1948","","","","","","","","",""
1380571,"Evans","Terence","Thomas"," ","1940",2011,"","","","7","1995","2011","","","","","",""
1380596,"Fagg","George","Gardner"," ","1934",2015,"8","1982","2015","","","","","","","","",""
1380601,"Fahy","Charles"," "," ","1892",1979,"DC","1950","1979","","","","","","","","",""
1380606,"Fairchild","Thomas","Edward"," ","1912",2007,"7","1966","2007","","","","","","","","",""
1380621,"Faris","Charles","Breckenridge"," ","1864",1938,"","","","8","1935","1938","","","","","",""
1380636,"Farris","Joseph","Jerome"," ","1930",2020,"9","1979","2020","","","","","","","","",""
1380646,"Fay","Peter","Thorp"," ","1929",2021,"","","","5","1976","1981","11","1981","2021","","",""
1380651,"Fee","James","Alger"," ","1888",1959,"","","","9","1954","1959","","","","","",""
1380661,"Feinberg","Wilfred"," "," ","1920",2014,"","","","2","1966","2014","","","","","",""
1380676,"Ferguson","Warren","John"," ","1920",2008,"","","","9","1979","2008","","","","","",""
1380686,"Fernandez","Ferdinand","Francis"," ","1937",,"","","","9","1989","","","","","","",""
1380696,"Field","John","A.","Jr.","1910",1995,"","","","4","1971","1995","","","","","",""
1380726,"Finnegan","Philip","J."," ","1886",1959,"7","1949","1959","","","","","","","","",""
1392071,"Fisher","D.","Michael"," ","1944",,"3","2003","","","","","","","","","",""
1391006,"Fisher","Raymond","C."," ","1939",2020,"9","1999","2020","","","","","","","","",""
1380766,"FitzHenry","Louis"," "," ","1870",1935,"","","","7","1933","1935","","","","","",""
1380786,"Flaum","Joel","Martin"," ","1936",,"","","","7","1983","","","","","","",""
1380791,"Fletcher","Betty","Binns"," ","1923",2012,"9","1979","2012","","","","","","","","",""
1390781,"Fletcher","William","A."," ","1945",,"9","1998","","","","","","","","","",""
1391986,"Floyd","Henry","Franklin"," ","1947",,"","","","4","2011","","","","","","",""
1380851,"Forman","Phillip"," "," ","1895",1978,"","","","3","1959","1978","","","","","",""
7328941,"Forrest","Danielle","Jo","","1977",,"9","2019","","","","","","","","","",""
1380871,"Foster","Rufus","Edward"," ","1871",1942,"","","","5","1925","1942","","","","","",""
1380891,"Frank","Jerome","New"," ","1889",1957,"2","1941","1957","","","","","","","","",""
1380916,"Freedman","Abraham","Lincoln"," ","1904",1971,"","","","3","1964","1971","","","","","",""
1394436,"Friedland","Michelle","Taryn"," ","1972",,"9","2014","","","","","","","","","",""
1390371,"Friedman","Daniel","Mortimer"," ","1916",2011,"","","","FED","1982","2011","","","","","",""
1380956,"Friendly","Henry","Jacob"," ","1903",1986,"2","1959","1986","","","","","","","","",""
1391111,"Fuentes","Julio","M."," ","1946",,"3","2000","","","","","","","","","",""
1390476,"Gajarsa","Arthur","J."," ","1941",,"FED","1997","2012","","","","","","","","",""
1381016,"Ganey","James","Cullen"," ","1899",1972,"","","","3","1961","1972","","","","","",""
1381041,"Gardner","Archibald","K."," ","1867",1962,"8","1929","1962","","","","","","","","",""
1381046,"Garland","Merrick","B."," ","1952",,"DC","1997","2021","","","","","","","","",""
1381051,"Garrecht","Francis","Arthur"," ","1870",1948,"9","1933","1948","","","","","","","","",""
1381061,"Garth","Leonard","I."," ","1921",2016,"","","","3","1973","2016","","","","","",""
1381071,"Garwood","William","Lockhart"," ","1931",2011,"5","1981","2011","","","","","","","","",""
1381076,"Garza","Emilio","M."," ","1947",,"","","","5","1991","2015","","","","","",""
1381081,"Garza","Reynaldo","Guerra"," ","1915",2004,"","","","5","1979","2004","","","","","",""
1381106,"Gee","Thomas","Gibbs"," ","1925",1994,"5","1973","1991","","","","","","","","",""
1392456,"Gelpí","Gustavo","Antonio","Jr.","1965",,"","","","1","2021","","","","","","",""
1381151,"Gewin","Walter","Pettus"," ","1908",1981,"5","1962","1981","","","","","","","","",""
1381166,"Gibbons","John","Joseph"," ","1924",2018,"3","1969","1990","","","","","","","","",""
1381171,"Gibbons","Julia","Smith"," ","1950",,"","","","6","2002","","","","","","",""
1381186,"Gibson","Floyd","Robert"," ","1910",2001,"","","","8","1965","2001","","","","","",""
1381196,"Gibson","John","R."," ","1925",2014,"","","","8","1982","2014","","","","","",""
1381221,"Gilbert","William","Ball"," ","1847",1931,"","","","9","1892","1931","","","","","",""
1390481,"Gilman","Ronald","Lee"," ","1942",,"6","1997","","","","","","","","","",""
1381266,"Ginsburg","Douglas","Howard"," ","1946",,"DC","1986","","","","","","","","","",""
1381271,"Ginsburg","Ruth","Bader"," ","1933",2020,"DC","1980","1993","","","","","","","","",""
1381301,"Godbold","John","Cooper"," ","1920",2009,"5","1966","1981","11","1981","2009","","","","","",""
1381316,"Goff","Nathan"," "," ","1843",1920,"","","","4","1892","1913","","","","","",""
1381326,"Goldberg","Irving","Loeb"," ","1906",1995,"5","1966","1995","","","","","","","","",""
1381351,"Goodrich","Herbert","Funk"," ","1889",1962,"3","1940","1962","","","","","","","","",""
1381356,"Goodwin","Alfred","Theodore"," ","1923",,"","","","9","1971","","","","","","",""
1392461,"Gorsuch","Neil","M."," ","1967",,"10","2006","2017","","","","","","","","",""
1391066,"Gould","Ronald","Murray"," ","1946",,"9","1999","","","","","","","","","",""
1390626,"Graber","Susan"," "," ","1949",,"9","1998","","","","","","","","","",""
5014276,"Grant","Britt","Cagle","","1978",,"11","2018","","","","","","","","","",""
4025236,"Grasz","Leonard","Steven","","1961",,"8","2018","","","","","","","","","",""
1393611,"Graves","James","Earl","Jr.","1953",,"5","2011","","","","","","","","","",""
1381456,"Gray","George"," "," ","1840",1925,"","","","3","1899","1914","","","","","",""
1381496,"Greenaway","Joseph","A.","Jr.","1957",,"","","","3","2010","","","","","","",""
1381501,"Greenberg","Morton","Ira"," ","1933",2021,"3","1987","2021","","","","","","","","",""
1391276,"Gregory","Roger","L."," ","1953",,"4","2001","","","","","","","","","",""
1381516,"Gresham","Walter","Quintin"," ","1832",1895,"","","","","","","7","1891","1893","","",""
1392281,"Griffin","Richard","Allen"," ","1952",,"6","2005","","","","","","","","","",""
1392286,"Griffith","Thomas","Beall"," ","1954",,"DC","2005","2020","","","","","","","","",""
1381546,"Groner","Duncan","Lawrence"," ","1873",1957,"","","","DC","1931","1937","DC","1937","1957","","",""
1381556,"Grosscup","Peter","Stenger"," ","1852",1921,"","","","","","","7","1899","1911","","",""
1392106,"Gruender","Raymond","W."," ","1963",,"8","2004","","","","","","","","","",""
1381591,"Gurfein","Murray","Irwin"," ","1907",1979,"","","","2","1974","1979","","","","","",""
1381596,"Guy","Ralph","B.","Jr.","1929",,"","","","6","1985","","","","","","",""
1381641,"Haight","Thomas","Griffith"," ","1879",1942,"","","","3","1919","1920","","","","","",""
1381661,"Hall","Cynthia","Holcomb"," ","1929",2011,"","","","9","1984","2011","","","","","",""
1381671,"Hall","Kenneth","Keller"," ","1918",1999,"","","","4","1976","1999","","","","","",""
1392201,"Hall","Peter","W."," ","1948",2021,"2","2004","2021","","","","","","","","",""
1381721,"Hamilton","Clyde","H."," ","1934",2020,"","","","4","1991","2020","","","","","",""
1381726,"Hamilton","David","Frank"," ","1957",,"","","","7","2009","","","","","","",""
1381731,"Hamilton","Elwood"," "," ","1883",1945,"","","","6","1938","1945","","","","","",""
1381741,"Hamley","Frederick","George"," ","1903",1975,"9","1956","1975","","","","","","","","",""
1381746,"Hamlin","Oliver","Deveta","Jr.","1892",1973,"","","","9","1958","1973","","","","","",""
1381761,"Hand","Augustus","Noble"," ","1869",1954,"","","","2","1928","1954","","","","","",""
1381766,"Hand","Learned"," "," ","1872",1961,"","","","2","1924","1961","","","","","",""
1381776,"Haney","Bert","Emory"," ","1879",1943,"9","1935","1943","","","","","","","","",""
1381806,"Hansen","David","Rasmussen"," ","1938",,"","","","8","1991","","","","","","",""
1392056,"Hardiman","Thomas","Michael"," ","1965",,"","","","3","2007","","","","","","",""
1381831,"Harlan","John","Marshall"," ","1899",1971,"2","1954","1955","","","","","","","","",""
1394626,"Harris","Pamela","Ann"," ","1962",,"4","2014","","","","","","","","","",""
1381886,"Hartigan","John","Patrick"," ","1887",1968,"","","","1","1951","1968","","","","","",""
1391356,"Hartz","Harris","L."," ","1947",,"10","2001","","","","","","","","","",""
1381911,"Hastie","William","Henry"," ","1904",1976,"3","1950","1976","","","","","","","","",""
1381921,"Hastings","John","Simpson"," ","1898",1977,"7","1957","1977","","","","","","","","",""
1381931,"Hatchett","Joseph","Woodrow"," ","1932",2021,"5","1979","1981","11","1981","1999","","","","","",""
1381956,"Hawkins","Michael","Daly"," ","1945",,"9","1994","","","","","","","","","",""
1392681,"Haynes","Catharina"," "," ","1963",,"5","2008","","","","","","","","","",""
1381976,"Haynsworth","Clement","Furman","Jr.","1912",1989,"4","1957","1989","","","","","","","","",""
1381981,"Hays","Paul","Raymond"," ","1903",1980,"2","1962","1980","","","","","","","","",""
1382006,"Healy","William"," "," ","1881",1962,"9","1937","1962","","","","","","","","",""
1382011,"Heaney","Gerald","William"," ","1918",2010,"8","1966","2006","","","","","","","","",""
1382041,"Henderson","Albert","John"," ","1920",1999,"","","","5","1979","1981","11","1981","1999","","",""
1382051,"Henderson","Karen","LeCraft"," ","1944",,"","","","DC","1990","","","","","","",""
1382066,"Henley","Jesse","Smith"," ","1917",1997,"","","","","","","","","","8","1975","1997"
1382076,"Henry","Robert","Harlan"," ","1953",,"10","1994","2010","","","","","","","","",""
10959846,"Heytens","Toby","Jay","","1975",,"4","2021","","","","","","","","","",""
1382106,"Hickenlooper","Smith"," "," ","1880",1933,"","","","6","1928","1933","","","","","",""
1382111,"Hickey","John","Joseph"," ","1911",1970,"10","1966","1970","","","","","","","","",""
1382121,"Hicks","Xenophon"," "," ","1872",1952,"","","","","","","6","1928","1952","","",""
1382131,"Higginbotham","Aloyisus","Leon","Jr.","1928",1998,"","","","3","1977","1993","","","","","",""
1382136,"Higginbotham","Patrick","Errol"," ","1938",,"","","","5","1982","","","","","","",""
1393836,"Higginson","Stephen","Andrew"," ","1961",,"5","2011","","","","","","","","","",""
1382151,"Hill","Delmas","Carl"," ","1906",1989,"","","","10","1961","1989","","","","","",""
1382161,"Hill","James","Clinkscales"," ","1924",2017,"","","","5","1976","1981","11","1981","2017","","",""
1382171,"Hill","Robert","Madden"," ","1928",1987,"","","","5","1984","1987","","","","","",""
1382191,"Hincks","Carroll","Clark"," ","1889",1964,"","","","2","1954","1964","","","","","",""
1382216,"Hitz","William"," "," ","1872",1935,"","","","DC","1931","1935","","","","","",""
4025386,"Ho","James","C.","","1973",,"5","2018","","","","","","","","","",""
1382316,"Holloway","William","Judson","Jr.","1923",2014,"10","1968","2014","","","","","","","","",""
1382336,"Holmes","Edwin","Ruthven"," ","1878",1961,"","","","","","","5","1936","1961","","",""
1392476,"Holmes","Jerome","A."," ","1961",,"10","2006","","","","","","","","","",""
1382376,"Hook","William","Cather"," ","1857",1921,"","","","","","","8","1903","1921","","",""
1382426,"Hough","Charles","Merrill"," ","1858",1927,"","","","2","1916","1927","","","","","",""
1391496,"Howard","Jeffrey","R."," ","1955",,"1","2002","","","","","","","","","",""
1382486,"Hufstedler","Shirley","Ann Mount"," ","1925",2016,"9","1968","1979","","","","","","","","",""
1382491,"Hug","Procter","Ralph","Jr.","1931",2019,"9","1977","2017","","","","","","","","",""
1394276,"Hughes","Todd","Michael"," ","1966",,"FED","2013","","","","","","","","","",""
1382526,"Hull","Frank","M."," ","1948",,"","","","11","1997","","","","","","",""
1382561,"Hunt","William","Henry"," ","1857",1949,"","","","","","","","","","9","1911","1928"
1382581,"Hunter","James"," ","III","1916",1989,"3","1971","1989","","","","","","","","",""
1394006,"Hurwitz","Andrew","David"," ","1947",,"9","2012","","","","","","","","","",""
1382611,"Hutcheson","Joseph","Chappell","Jr.","1879",1973,"","","","5","1931","1973","","","","","",""
1382616,"Hutchinson","William","D."," ","1932",1995,"3","1987","1995","","","","","","","","",""
1382626,"Huxman","Walter","August"," ","1887",1972,"10","1939","1972","","","","","","","","",""
1392441,"Ikuta","Sandra","Segal"," ","1954",,"9","2006","","","","","","","","","",""
1382661,"Ingraham","Joe","McDonald"," ","1903",1990,"","","","5","1969","1990","","","","","",""
1382711,"Jackson","Howell","Edmunds"," ","1832",1895,"","","","6","1891","1893","","","","","",""
1394151,"Jackson","Ketanji","Brown"," ","1970",,"","","","DC","2021","","","","","","",""
10300101,"Jackson-Akiwumi","Candace","Rae","","1979",,"7","2021","","","","","","","","","",""
1382741,"Jacobs","Dennis","G."," ","1944",,"2","1992","","","","","","","","","",""
1382781,"Jenkins","James","Graham"," ","1834",1921,"","","","","","","7","1893","1905","","",""
1382796,"Jertberg","Gilbert","H."," ","1897",1973,"","","","9","1958","1973","","","","","",""
1382801,"Johnsen","Harvey","M."," ","1895",1975,"8","1940","1975","","","","","","","","",""
1382826,"Johnson","Charles","Fletcher"," ","1859",1930,"1","1917","1930","","","","","","","","",""
1382831,"Johnson","Frank","Minis","Jr.","1918",1999,"","","","5","1979","1981","11","1981","1999","","",""
1382851,"Johnson","Samuel","D.","Jr.","1920",2002,"5","1979","2002","","","","","","","","",""
1382886,"Jolly","E.","Grady"," ","1937",,"5","1982","","","","","","","","","",""
1382896,"Jones","Charles","Alvin"," ","1887",1966,"3","1939","1944","","","","","","","","",""
1382901,"Jones","Edith","Hollan"," ","1949",,"5","1985","","","","","","","","","",""
1382931,"Jones","Nathaniel","Raphael"," ","1926",2020,"6","1979","2002","","","","","","","","",""
1382961,"Jones","Warren","Leroy"," ","1895",1993,"5","1955","1981","11","1981","1993","","","","","",""
1390991,"Jordan","Adalberto","Jose"," ","1961",,"","","","11","2012","","","","","","",""
1391706,"Jordan","Kent","A."," ","1957",,"","","","3","2006","","","","","","",""
1383036,"Kalodner","Harry","Ellis"," ","1896",1977,"","","","3","1946","1977","","","","","",""
1383056,"Kanne","Michael","Stephen"," ","1938",,"","","","7","1987","","","","","","",""
1390366,"Kashiwa","Shiro"," "," ","1912",1998,"","","","FED","1982","1986","","","","","",""
4022736,"Katsas","Gregory","George","","1964",,"DC","2017","","","","","","","","","",""
1390976,"Katzmann","Robert","A."," ","1953",2021,"2","1999","2021","","","","","","","","",""
1383086,"Kaufman","Irving","Robert"," ","1910",1992,"","","","2","1961","1992","","","","","",""
1392406,"Kavanaugh","Brett","M."," ","1965",,"DC","2006","2018","","","","","","","","",""
1394121,"Kayatta","William","Joseph","Jr.","1953",,"1","2013","","","","","","","","","",""
1383111,"Kearse","Amalya","Lyle"," ","1937",,"2","1979","","","","","","","","","",""
1392991,"Keenan","Barbara","Milano"," ","1950",,"4","2010","","","","","","","","","",""
1383151,"Keith","Damon","Jerome"," ","1922",2019,"","","","6","1977","2019","","","","","",""
1394186,"Kelly","Jane","Louise"," ","1964",,"8","2013","","","","","","","","","",""
1390751,"Kelly","John","David"," ","1934",1998,"8","1998","1998","","","","","","","","",""
1383186,"Kelly","Paul","Joseph","Jr.","1940",,"10","1992","","","","","","","","","",""
1383211,"Kennedy","Anthony","McLeod"," ","1936",,"9","1975","1988","","","","","","","","",""
1383216,"Kennedy","Cornelia","Groefsema"," ","1923",2014,"","","","6","1979","2014","","","","","",""
1383241,"Kent","W.","Wallace"," ","1916",1973,"","","","6","1970","1973","","","","","",""
1383251,"Kenyon","William","Squire"," ","1869",1933,"8","1922","1933","","","","","","","","",""
1383266,"Kerner","Otto"," ","Jr.","1908",1976,"7","1968","1974","","","","","","","","",""
1383261,"Kerner","Otto"," ","Sr.","1884",1952,"7","1939","1952","","","","","","","","",""
1392731,"Kethledge","Raymond","M."," ","1966",,"6","2008","","","","","","","","","",""
1383306,"Kiley","Roger","Joseph"," ","1900",1974,"7","1961","1974","","","","","","","","",""
1383311,"Kilkenny","John","Francis"," ","1901",1995,"","","","9","1969","1995","","","","","",""
1383321,"King","Alexander","Campbell"," ","1856",1926,"5","1920","1924","","","","","","","","",""
1386716,"King","Carolyn","Dineen"," ","1938",,"5","1979","","","","","","","","","",""
1390786,"King","Robert","Bruce"," ","1940",,"4","1998","","","","","","","","","",""
9353346,"Kirsch","Thomas","Lee","II","1974",,"7","2020","","","","","","","","","",""
1383376,"Kleinfeld","Andrew","Jay"," ","1945",,"","","","9","1991","","","","","","",""
1383391,"Knapp","Martin","Augustine"," ","1843",1923,"","","","2","1910","1916","4","1916","1923","","",""
1383401,"Knappen","Loyal","Edwin"," ","1854",1930,"","","","","","","6","1910","1930","","",""
1383411,"Knoch","Winfred","George"," ","1895",1983,"","","","7","1958","1983","","","","","",""
5675191,"Kobes","Jonathan","Allen","","1974",,"8","2018","","","","","","","","","",""
1383446,"Koelsch","Montgomery","Oliver"," ","1912",1992,"9","1959","1992","","","","","","","","",""
1393231,"Koh","Lucy","Haeran"," ","1968",,"","","","9","2021","","","","","","",""
1383456,"Kohlsaat","Christian","Cecil"," ","1844",1918,"","","","","","","7","1905","1918","","",""
1383496,"Kozinski","Alex"," "," ","1950",,"9","1985","2017","","","","","","","","",""
1394601,"Krause","Cheryl","Ann"," ","1968",,"3","2014","","","","","","","","","",""
1383511,"Kravitch","Phyllis","A."," ","1920",2017,"5","1979","1981","11","1981","2017","","","","","",""
1383531,"Krupansky","Robert","B."," ","1921",2004,"","","","6","1982","2004","","","","","",""
1383556,"Lacombe","Emile","Henry"," ","1846",1924,"","","","2","1891","1916","","","","","",""
7395471,"Lagoa","Barbara","","","1967",,"11","2019","","","","","","","","","",""
1383631,"Lanning","William","Mershon"," ","1849",1912,"","","","","","","3","1909","1912","","",""
1383636,"Laramore","Don","Nelson"," ","1906",1989,"","","","FED","1982","1989","","","","","",""
3984221,"Larsen","Joan","Louise","","1968",,"6","2017","","","","","","","","","",""
1383701,"Lay","Donald","Pomery"," ","1926",2007,"8","1966","2007","","","","","","","","",""
1383731,"Leavy","Edward"," "," ","1929",,"","","","9","1987","","","","","","",""
1383756,"Lee","Elmo","Pearce"," ","1882",1949,"5","1943","1949","","","","","","","","",""
10534666,"Lee","Eunice","Cheryl","","1970",,"2","2021","","","","","","","","","",""
6453086,"Lee","Kenneth","Kiyul","","1975",,"9","2019","","","","","","","","","",""
1383806,"Lemmon","Dal","Millington"," ","1887",1958,"","","","9","1954","1958","","","","","",""
1383841,"Leval","Pierre","Nelson"," ","1936",,"","","","2","1993","","","","","","",""
1383846,"Leventhal","Harold"," "," ","1915",1979,"DC","1965","1979","","","","","","","","",""
1383876,"Lewis","David","Thomas"," ","1912",1983,"10","1956","1983","","","","","","","","",""
1383886,"Lewis","Robert","E."," ","1857",1941,"","","","8","1921","1929","10","1929","1941","","",""
1383891,"Lewis","Timothy","K."," ","1954",,"","","","3","1992","1999","","","","","",""
1383926,"Lindley","Walter","C."," ","1880",1958,"","","","7","1949","1958","","","","","",""
1391101,"Linn","Richard"," "," ","1944",,"FED","1999","","","","","","","","","",""
1390656,"Lipez","Kermit","Victor"," ","1941",,"1","1998","","","","","","","","","",""
1383956,"Lively","Pierce"," "," ","1921",2016,"6","1972","2016","","","","","","","","",""
1392571,"Livingston","Debra","Ann"," ","1959",,"2","2007","","","","","","","","","",""
1383981,"Logan","James","Kenneth"," ","1929",2018,"10","1977","1998","","","","","","","","",""
1393561,"Lohier","Raymond","Joseph","Jr.","1965",,"2","2010","","","","","","","","","",""
1383986,"Loken","James","B."," ","1940",,"8","1990","","","","","","","","","",""
1384036,"Lourie","Alan","David"," ","1935",,"FED","1990","","","","","","","","","",""
1384061,"Lowell","Francis","Cabot"," ","1855",1911,"","","","","","","1","1905","1911","","",""
1384091,"Lucero","Carlos","F."," ","1940",,"10","1995","","","","","","","","","",""
7390466,"Luck","Robert","Joshua","","1979",,"11","2019","","","","","","","","","",""
1384106,"Lumbard","Joseph","Edward"," ","1901",1999,"2","1955","1999","","","","","","","","",""
1384126,"Lurton","Horace","Harmon"," ","1844",1914,"","","","6","1893","1909","","","","","",""
1384136,"Luttig","J.","Michael"," ","1954",,"4","1991","2006","","","","","","","","",""
1391166,"Lynch","Gerard","E."," ","1951",,"","","","2","2009","","","","","","",""
1384156,"Lynch","Sandra","Lea"," ","1946",,"1","1995","","","","","","","","","",""
1384186,"Mack","Julian","William"," ","1866",1943,"","","","7","1911","1929","6","1929","1930","2","1929","1943"
1384196,"MacKinnon","George","Edward"," ","1906",1995,"DC","1969","1995","","","","","","","","",""
1384221,"Magill","Frank","J."," ","1927",2013,"8","1986","2013","","","","","","","","",""
1384236,"Magruder","Calvert"," "," ","1893",1968,"1","1939","1968","","","","","","","","",""
1384246,"Mahoney","John","Christopher"," ","1882",1952,"","","","1","1940","1952","","","","","",""
1384251,"Mahoney","John","Daniel"," ","1931",1996,"2","1986","1996","","","","","","","","",""
1384256,"Major","James","Earl"," ","1887",1972,"","","","7","1937","1972","","","","","",""
1384271,"Manion","Daniel","Anthony"," ","1942",,"7","1986","","","","","","","","","",""
1384286,"Mansfield","Walter","Roe"," ","1911",1987,"","","","2","1971","1987","","","","","",""
1384291,"Mansmann","Carol","Los"," ","1942",2002,"","","","3","1985","2002","","","","","",""
1384296,"Manton","Martin","Thomas"," ","1880",1946,"","","","2","1918","1939","","","","","",""
1384306,"Marcus","Stanley"," "," ","1946",,"","","","11","1997","","","","","","",""
1384311,"Maris","Albert","Branson"," ","1893",1989,"","","","3","1938","1989","","","","","",""
1384316,"Markey","Howard","Thomas"," ","1920",2006,"","","","FED","1982","1991","","","","","",""
1384366,"Marshall","Thurgood"," "," ","1908",1993,"2","1962","1965","","","","","","","","",""
1391216,"Martin","Beverly","Baldwin"," ","1955",,"","","","11","2010","2021","","","","","",""
1384376,"Martin","Boyce","Ficklen","Jr.","1935",2016,"6","1979","2013","","","","","","","","",""
1384381,"Martin","George","Ewing"," ","1857",1948,"","","","","","","DC","1924","1948","","",""
1384396,"Martin","John","Donelson","Sr.","1883",1962,"","","","6","1940","1962","","","","","",""
6130381,"Matey","Paul","Brian","","1971",,"3","2019","","","","","","","","","",""
1393591,"Matheson","Scott","Milne","Jr.","1953",,"10","2010","","","","","","","","","",""
1384431,"Mathews","Clifton"," "," ","1880",1962,"9","1935","1962","","","","","","","","",""
1384446,"Matthes","Marion","Charles"," ","1906",1980,"8","1958","1980","","","","","","","","",""
1384471,"Mayer","Haldane","Robert"," ","1941",,"FED","1987","","","","","","","","","",""
1384476,"Mayer","Julius","Marshuetz"," ","1865",1925,"","","","2","1921","1924","","","","","",""
1384491,"McAllister","Thomas","Francis"," ","1896",1976,"6","1941","1976","","","","","","","","",""
1384526,"McCamant","Wallace"," "," ","1867",1944,"9","","1926","","","","","","","","",""
1384571,"McComas","Louis","Emory"," ","1846",1907,"","","","DC","1905","1907","","","","","",""
1391736,"McConnell","Michael","W."," ","1955",,"10","2002","2009","","","","","","","","",""
1384576,"McCord","Leon","Clarence"," ","1878",1952,"5","1938","1952","","","","","","","","",""
1384581,"McCormick","Andrew","Phelps"," ","1832",1916,"","","","","","","5","1892","1916","","",""
1384601,"McCree","Wade","Hampton","Jr.","1920",1987,"","","","6","1966","1977","","","","","",""
1384621,"McDermott","George","Thomas"," ","1886",1937,"","","","10","1929","1937","","","","","",""
1384651,"McEntee","Edward","Matthew"," ","1906",1981,"1","1965","1981","","","","","","","","",""
1384691,"McGowan","Carl","E."," ","1911",1987,"DC","1963","1987","","","","","","","","",""
1394386,"McHugh","Carolyn","Baldwin"," ","1957",,"10","2014","","","","","","","","","",""
1384721,"McKay","Monroe","G."," ","1928",2020,"10","1977","2020","","","","","","","","",""
1384726,"McKeague","David","William"," ","1946",,"","","","6","2005","","","","","","",""
1384731,"McKee","Theodore","Alexander"," ","1947",,"3","1994","","","","","","","","","",""
1384746,"McKenna","Joseph"," "," ","1843",1926,"","","","9","1892","1897","","","","","",""
1390641,"McKeown","M.","Margaret"," ","1951",,"9","1998","","","","","","","","","",""
1384796,"McLaughlin","Gerald"," "," ","1893",1977,"3","1943","1977","","","","","","","","",""
1384801,"McLaughlin","Joseph","Michael"," ","1933",2013,"","","","2","1990","2013","","","","","",""
1384851,"McMillian","Theodore"," "," ","1919",2006,"8","1978","2006","","","","","","","","",""
1384901,"McPherson","John","Bayard"," ","1846",1919,"","","","3","1912","1919","","","","","",""
1384936,"McWilliams","Robert","Hugh","Jr.","1916",2013,"10","1970","2013","","","","","","","","",""
1384961,"Medina","Harold","Raymond"," ","1888",1990,"","","","2","1951","1980","","","","","",""
1384976,"Mehaffy","Pat"," "," ","1904",1981,"8","1963","1981","","","","","","","","",""
1384996,"Melloy","Michael","Joseph"," ","1948",,"","","","8","2002","","","","","","",""
7365461,"Menashi","Steven","James","","1979",,"2","2019","","","","","","","","","",""
1385041,"Merrill","Charles","Merton"," ","1907",1996,"9","1959","1996","","","","","","","","",""
1385046,"Merritt","Gilbert","Stroud","Jr.","1936",2022,"6","1977","2022","","","","","","","","",""
1385056,"Meskill","Thomas","Joseph"," ","1928",2007,"2","1975","2007","","","","","","","","",""
1385076,"Michael","M.","Blane"," ","1943",2011,"4","1993","2011","","","","","","","","",""
1385081,"Michel","Paul","Redmond"," ","1941",,"FED","1988","2010","","","","","","","","",""
1385106,"Mikva","Abner","Joseph"," ","1926",2016,"DC","1979","1994","","","","","","","","",""
1385111,"Milburn","Herbert","Theodore"," ","1931",2016,"","","","6","1984","2016","","","","","",""
6063776,"Miller","Eric","David","","1975",,"9","2019","","","","","","","","","",""
1385136,"Miller","Jack","Richard"," ","1916",1994,"","","","FED","1982","1994","","","","","",""
1385156,"Miller","Justin"," "," ","1888",1973,"DC","1937","1945","","","","","","","","",""
1385171,"Miller","Shackelford"," ","Jr.","1892",1965,"","","","6","1945","1965","","","","","",""
1385181,"Miller","Wilbur","Kingsbury"," ","1892",1976,"DC","1945","1976","","","","","","","","",""
1385186,"Miller","William","Ernest"," ","1908",1976,"","","","6","1970","1976","","","","","",""
1394311,"Millett","Patricia","Ann"," ","1963",,"DC","2013","","","","","","","","","",""
1385201,"Miner","Roger","Jeffrey"," ","1934",2012,"","","","2","1985","2012","","","","","",""
1385206,"Minton","Sherman"," "," ","1890",1965,"7","1941","1949","","","","","","","","",""
1385301,"Moore","Karen","Nelson"," ","1948",,"6","1995","","","","","","","","","",""
1392481,"Moore","Kimberly","Ann"," ","1968",,"FED","2006","","","","","","","","","",""
1385311,"Moore","Leonard","Page"," ","1898",1982,"2","1958","1982","","","","","","","","",""
1385326,"Moorman","Charles","Harwood"," ","1876",1938,"","","","6","1925","1938","","","","","",""
1385351,"Morgan","Lewis","Render"," ","1913",2001,"","","","5","1968","1981","11","1981","2001","","",""
1394481,"Moritz","Nancy","Louise"," ","1960",,"10","2014","","","","","","","","","",""
1385391,"Morris","Martin","Ferdinand"," ","1834",1909,"DC","1893","1905","","","","","","","","",""
1385411,"Morrow","William","W."," ","1843",1929,"","","","","","","9","1897","1929","","",""
1385416,"Morton","James","Madison","Jr.","1869",1940,"","","","1","1932","1940","","","","","",""
1385441,"Motz","Diana","Jane Gribbon"," ","1943",,"4","1994","","","","","","","","","",""
1385481,"Mulligan","William","Hughes"," ","1918",1996,"2","1971","1981","","","","","","","","",""
1391261,"Murguia","Mary","Helen"," ","1960",,"","","","9","2011","","","","","","",""
1385506,"Murnaghan","Francis","Dominic","Jr.","1920",2000,"4","1979","2000","","","","","","","","",""
1385516,"Murphy","Diana","E."," ","1934",2018,"","","","8","1994","2018","","","","","",""
6105366,"Murphy","Eric","Earl","","1979",,"6","2019","","","","","","","","","",""
1385541,"Murphy","Michael","R."," ","1947",,"10","1995","","","","","","","","","",""
1385551,"Murrah","Alfred","Paul"," ","1904",1975,"","","","","","","","","","10","1940","1975"
4625006,"Nalbandian","John","Baylor","","1969",,"6","2018","","","","","","","","","",""
7330456,"Nardini","William","Joseph","","1969",,"2","2019","","","","","","","","","",""
1393801,"Nathan","Alison","Julie"," ","1972",,"","","","2","2022","","","","","","",""
1392306,"Neilson","Susan","Bieke"," ","1956",2006,"6","2005","2006","","","","","","","","",""
1385611,"Nelson","David","Aldrich"," ","1932",2010,"6","1985","2010","","","","","","","","",""
1385621,"Nelson","Dorothy","Wright"," ","1928",,"9","1979","","","","","","","","","",""
5373051,"Nelson","Ryan","Douglas","","1973",,"9","2018","","","","","","","","","",""
1385641,"Nelson","Thomas","G."," ","1936",2011,"9","1990","2011","","","","","","","","",""
1385686,"Newman","Jon","Ormond"," ","1932",,"","","","2","1979","","","","","","",""
1385691,"Newman","Pauline"," "," ","1927",,"FED","1984","","","","","","","","","",""
3267886,"Newsom","Kevin","Christopher","","1972",,"11","2017","","","","","","","","","",""
1392971,"Nguyen","Jacqueline","Hong-Ngoc"," ","1965",,"","","","9","2012","","","","","","",""
1385706,"Nichols","Philip"," ","Jr.","1907",1990,"","","","","","","FED","1982","1990","","",""
1385741,"Niemeyer","Paul","Victor"," ","1941",,"","","","4","1990","","","","","","",""
1385746,"Nies","Helen","Wilson"," ","1925",1996,"","","","FED","1982","1996","","","","","",""
1385791,"Noonan","John","T.","Jr.","1926",2017,"9","1985","2017","","","","","","","","",""
1385816,"Norris","Alan","Eugene"," ","1935",,"6","1986","","","","","","","","","",""
1385821,"Norris","William","Albert"," ","1927",2017,"9","1980","1997","","","","","","","","",""
1385826,"Northcott","Elliott"," "," ","1869",1946,"4","1927","1946","","","","","","","","",""
1385851,"Noyes","Walter","Chadwick"," ","1865",1926,"","","","2","1907","1913","","","","","",""
1385861,"Nygaard","Richard","Lowell"," ","1940",,"3","1988","","","","","","","","","",""
1391521,"O'Brien","Terrence","L."," ","1943",,"10","2002","","","","","","","","","",""
1385876,"O'Connell","John","Joseph"," ","1894",1949,"3","1945","1949","","","","","","","","",""
1385911,"O'Malley","Kathleen","McDonald"," ","1956",,"","","","FED","2010","2022","","","","","",""
1385926,"O'Scannlain","Diarmuid","Fionntain"," ","1937",,"9","1986","","","","","","","","","",""
1385931,"O'Sullivan","Clifford","Patrick"," ","1897",1975,"","","","6","1960","1975","","","","","",""
1385941,"Oakes","James","Lowell"," ","1924",2007,"","","","2","1971","2007","","","","","",""
4947641,"Oldham","Andrew","Stephen","","1978",,"5","2018","","","","","","","","","",""
1385981,"Orr","William","Edwin"," ","1881",1965,"9","1945","1965","","","","","","","","",""
1394431,"Owens","John","Byron"," ","1971",,"9","2014","","","","","","","","","",""
1386026,"Paez","Richard","A."," ","1947",,"","","","9","2000","","","","","","",""
1386031,"Page","George","True"," ","1859",1941,"7","1919","1941","","","","","","","","",""
1386056,"Pardee","Don","Albert"," ","1837",1919,"","","","5","1891","1919","","","","","",""
6420566,"Park","Michael","Hun","","1976",,"2","2019","","","","","","","","","",""
1386076,"Parker","Barrington","Daniels","Jr.","1944",,"","","","2","2001","","","","","","",""
1386081,"Parker","Fred","I."," ","1938",2003,"","","","2","1994","2003","","","","","",""
1386096,"Parker","John","Johnston"," ","1885",1958,"4","1925","1958","","","","","","","","",""
1386106,"Parker","Robert","Manley"," ","1937",2020,"","","","5","1994","2002","","","","","",""
1386111,"Parkinson","William","Lynn"," ","1902",1959,"","","","7","1957","1959","","","","","",""
1386151,"Patterson","Robert","Porter","Sr.","1891",1952,"","","","2","1939","1940","","","","","",""
1386196,"Peck","John","Weld","II","1913",1993,"","","","6","1966","1993","","","","","",""
1386211,"Pell","Wilbur","Frank","Jr.","1915",2000,"7","1970","2000","","","","","","","","",""
10924786,"Pérez","Myrna","","","1974",,"2","2021","","","","","","","","","",""
1394251,"Phillips","Gregory","Alan"," ","1960",,"10","2013","","","","","","","","","",""
1386296,"Phillips","Harry"," "," ","1909",1985,"6","1963","1985","","","","","","","","",""
1386301,"Phillips","James","Dickson","Jr.","1922",2017,"4","1978","2017","","","","","","","","",""
1386311,"Phillips","Orie","Leon"," ","1885",1974,"","","","10","1929","1974","","","","","",""
5374591,"Phipps","Peter","Joseph","","1973",,"","","","3","2019","","","","","","",""
1386321,"Pickering","Charles","Willis","Sr.","1937",,"","","","5","2004","2004","","","","","",""
1386331,"Pickett","John","Coleman"," ","1896",1983,"10","1949","1983","","","","","","","","",""
1386341,"Pierce","Lawrence","Warren"," ","1924",2020,"","","","2","1981","1995","","","","","",""
1394316,"Pillard","Cornelia","Thayer Livingston"," ","1961",,"DC","2013","","","","","","","","","",""
1386371,"Plager","S.","Jay"," ","1931",,"FED","1989","","","","","","","","","",""
1386411,"Politz","Henry","Anthony"," ","1932",2002,"5","1979","2002","","","","","","","","",""
1386446,"Poole","Cecil","F."," ","1914",1997,"","","","9","1979","1997","","","","","",""
1386451,"Pooler","Rosemary","S."," ","1938",,"","","","2","1998","","","","","","",""
1386466,"Pope","Walter","Lyndon"," ","1889",1969,"9","1949","1969","","","","","","","","",""
1386476,"Porfilio","John","Carbone"," ","1934",,"","","","10","1985","","","","","","",""
5373046,"Porter","David","James","","1966",,"3","2018","","","","","","","","","",""
1386511,"Posner","Richard","Allen"," ","1939",,"7","1981","2017","","","","","","","","",""
1386541,"Prado","Edward","Charles"," ","1947",,"","","","5","2003","2018","","","","","",""
1386546,"Pratt","George","Cheney"," ","1928",,"","","","2","1982","1995","","","","","",""
1386571,"Pregerson","Harry"," "," ","1923",2017,"","","","9","1979","2017","","","","","",""
1386586,"Prettyman","Elijah","Barrett"," ","1891",1971,"DC","1945","1971","","","","","","","","",""
1386606,"Pritchard","Jeter","Connelly"," ","1857",1921,"","","","","","","4","1904","1921","","",""
1386616,"Proctor","James","McPherson"," ","1882",1953,"","","","DC","1948","1953","","","","","",""
1391296,"Prost","Sharon"," "," ","1951",,"FED","2001","","","","","","","","","",""
1394631,"Pryor","Jill","Anne"," ","1963",,"11","2014","","","","","","","","","",""
1392086,"Pryor","William","Holcombe","Jr.","1962",,"11","2005","","","","","","","","","",""
1386641,"Putnam","William","LeBaron"," ","1835",1918,"","","","1","1892","1917","","","","","",""
4263096,"Quattlebaum","A.","Marvin","Jr.","1964",,"","","","4","2018","","","","","","",""
1386661,"Rader","Randall","Ray"," ","1949",,"FED","1990","2014","","","","","","","","",""
1386671,"Raggi","Reena"," "," ","1951",,"","","","2","2002","","","","","","",""
1386721,"Randolph","Arthur","Raymond"," ","1943",,"DC","1990","","","","","","","","","",""
6135386,"Rao","Neomi","Jehangir","","1973",,"DC","2019","","","","","","","","","",""
1390671,"Rawlinson","Johnnie","B."," ","1952",,"","","","9","2000","","","","","","",""
6103361,"Readler","Chad","Andrew","","1972",,"6","2019","","","","","","","","","",""
1386766,"Reavley","Thomas","Morrow"," ","1921",2020,"5","1979","2020","","","","","","","","",""
1386841,"Reinhardt","Stephen","Roy"," ","1931",2018,"9","1980","2018","","","","","","","","",""
1386851,"Rendell","Marjorie","O."," ","1947",,"","","","3","1997","","","","","","",""
1394241,"Restrepo","Luis","Felipe"," ","1959",,"","","","3","2016","","","","","","",""
1393666,"Reyna","Jimmie","V."," ","1952",,"FED","2011","","","","","","","","","",""
1386896,"Rich","Giles","Sutherland"," ","1904",1999,"","","","FED","1982","1999","","","","","",""
1386901,"Richards","John","Kelvey"," ","1856",1909,"","","","6","1903","1909","","","","","",""
5090921,"Richardson","Julius","Ness","","1976",,"4","2018","","","","","","","","","",""
1392271,"Richman","Priscilla",""," ","1954",,"5","2005","","","","","","","","","",""
1386921,"Riddick","Walter","Garrett"," ","1883",1953,"8","1941","1953","","","","","","","","",""
1386926,"Ridge","Albert","Alphonso"," ","1898",1967,"","","","8","1961","1967","","","","","",""
1391291,"Riley","William","Jay"," ","1947",,"8","2001","","","","","","","","","",""
1386961,"Ripple","Kenneth","Francis"," ","1943",,"7","1985","","","","","","","","","",""
1386981,"Rives","Richard","Taylor"," ","1895",1982,"5","1951","1981","11","1981","1982","","","","","",""
1386991,"Robb","Charles","Henry"," ","1867",1939,"DC","1906","1939","","","","","","","","",""
1386996,"Robb","Roger"," "," ","1907",1985,"DC","1969","1985","","","","","","","","",""
1391841,"Roberts","John","Glover","Jr.","1955",,"DC","2003","2005","","","","","","","","",""
10959341,"Robinson","Beth","","","1965",,"2","2021","","","","","","","","","",""
1387041,"Robinson","Spottswood","William","III","1916",1998,"","","","DC","1966","1998","","","","","",""
1387081,"Rogers","Henry","Wade"," ","1853",1926,"2","1913","1926","","","","","","","","",""
1391646,"Rogers","John","M."," ","1948",,"6","2002","","","","","","","","","",""
1387091,"Rogers","Judith","Ann Wilson"," ","1939",,"DC","1994","","","","","","","","","",""
1387111,"Roney","Paul","Hitch"," ","1921",2006,"5","1970","1981","11","1981","2006","","","","","",""
1387116,"Rose","John","Carter"," ","1861",1927,"","","","4","1922","1927","","","","","",""
1387126,"Rosen","James"," "," ","1909",1972,"3","1971","1972","","","","","","","","",""
1394016,"Rosenbaum","Robin","Stacie"," ","1966",,"","","","11","2014","","","","","","",""
1387146,"Rosenn","Max"," "," ","1910",2006,"3","1970","2006","","","","","","","","",""
1387166,"Ross","Donald","Roe"," ","1922",2013,"8","1970","2013","","","","","","","","",""
1387171,"Ross","Erskine","Mayo"," ","1845",1928,"","","","","","","9","1895","1928","","",""
10749706,"Rossman","Veronica","Sophia","","1972",,"10","2021","","","","","","","","","",""
1387196,"Roth","Jane","Richards"," ","1935",,"","","","3","1991","","","","","","",""
1387211,"Rovner","Ilana","Kara Diamond"," ","1938",,"","","","7","1992","","","","","","",""
1387221,"Rubin","Alvin","Benjamin"," ","1920",1991,"","","","5","1977","1991","","","","","",""
1387231,"Rudkin","Frank","H."," ","1864",1931,"","","","9","1923","1931","","","","","",""
6098356,"Rushing","Allison","Jones","","1982",,"4","2019","","","","","","","","","",""
1387251,"Russell","Donald","Stuart"," ","1906",1998,"","","","4","1971","1998","","","","","",""
1387261,"Russell","Robert","Lee"," ","1900",1955,"","","","5","1949","1955","","","","","",""
1387276,"Rutledge","Wiley","Blount"," ","1894",1949,"DC","1939","1943","","","","","","","","",""
1387286,"Ryan","James","Leo"," ","1932",,"6","1985","","","","","","","","","",""
1387296,"Rymer","Pamela","Ann"," ","1941",2011,"","","","9","1989","2011","","","","","",""
1390706,"Sack","Robert","David"," ","1939",,"2","1998","","","","","","","","","",""
1387346,"Sanborn","John","Benjamin"," ","1883",1964,"","","","8","1932","1964","","","","","",""
1387351,"Sanborn","Walter","Henry"," ","1845",1928,"","","","8","1892","1928","","","","","",""
11345676,"Sanchez","Gabriel","Patrick","","1976",,"9","2022","","","","","","","","","",""
1387386,"Sarokin","H.","Lee"," ","1928",,"","","","3","1994","1996","","","","","",""
1387406,"Sawtelle","William","Henry"," ","1868",1934,"","","","9","1931","1934","","","","","",""
1387411,"Sawyer","Lorenzo"," "," ","1820",1891,"","","","9","1891","1891","","","","","",""
1387421,"Scalia","Antonin"," "," ","1936",2016,"DC","1982","1986","","","","","","","","",""
1387431,"Schall","Alvin","Anthony"," ","1944",,"FED","1992","","","","","","","","","",""
1387461,"Schnackenberg","Elmer","Jacob"," ","1889",1968,"7","1954","1968","","","","","","","","",""
1387466,"Schofield","William"," "," ","1857",1912,"","","","1","1911","1912","","","","","",""
1387476,"Schroeder","Mary","Murphy"," ","1940",,"9","1979","","","","","","","","","",""
1387521,"Scirica","Anthony","Joseph"," ","1940",,"","","","3","1987","","","","","","",""
4622996,"Scudder","Michael","Yale","Jr.","1971",,"7","2018","","","","","","","","","",""
1387556,"Seaman","William","Henry"," ","1842",1915,"","","","","","","7","1905","1915","","",""
1387576,"Seitz","Collins","Jacques"," ","1914",1998,"3","1966","1998","","","","","","","","",""
1387581,"Selya","Bruce","Marshall"," ","1934",,"","","","1","1986","","","","","","",""
1387586,"Sentelle","David","Bryan"," ","1943",,"","","","DC","1987","","","","","","",""
1387611,"Seth","Oliver"," "," ","1915",1996,"10","1962","1996","","","","","","","","",""
1387621,"Severens","Henry","Franklin"," ","1835",1923,"","","","","","","6","1900","1911","","",""
1387641,"Seymour","Stephanie","Kulp"," ","1940",,"10","1979","","","","","","","","","",""
1387711,"Shedd","Dennis","W."," ","1953",,"","","","4","2002","2022","","","","","",""
1387726,"Shelby","David","Davie"," ","1847",1914,"","","","5","1899","1914","","","","","",""
1387736,"Shepard","Seth"," "," ","1847",1917,"DC","1893","1905","DC","1905","1917","","","","","",""
1392471,"Shepherd","Bobby","E."," ","1951",,"8","2006","","","","","","","","","",""
1387771,"Shipman","Nathaniel"," "," ","1828",1906,"","","","","","","2","1892","1902","","",""
1387796,"Showalter","John","William"," ","1844",1898,"","","","7","1895","1898","","","","","",""
1394166,"Shwartz","Patty"," "," ","1961",,"3","2013","","","","","","","","","",""
1387806,"Sibley","Samuel","Hale"," ","1873",1958,"","","","5","1931","1958","","","","","",""
1387821,"Silberman","Laurence","Hirsch"," ","1935",,"DC","1985","","","","","","","","","",""
1387826,"Siler","Eugene","Edward","Jr.","1936",,"","","","","","","6","1991","","","",""
1390596,"Silverman","Barry","G."," ","1951",,"9","1998","","","","","","","","","",""
1387841,"Simons","Charles","Casper"," ","1876",1964,"","","","6","1932","1964","","","","","",""
1387851,"Simonton","Charles","Henry"," ","1829",1904,"","","","","","","4","1893","1904","","",""
1387861,"Simpson","John","Milton Bryan"," ","1903",1987,"","","","","","","5","1966","1981","11","1981","1987"
1390361,"Skelton","Byron","George"," ","1905",2004,"","","","FED","1982","2004","","","","","",""
1387896,"Skopil","Otto","Richard","Jr.","1919",2012,"","","","9","1979","2012","","","","","",""
1387916,"Sloviter","Dolores","Korman"," ","1932",,"3","1979","","","","","","","","","",""
1387941,"Smith","D[avid]","Brooks"," ","1951",,"","","","3","2002","","","","","","",""
1387946,"Smith","Edward","Samuel"," ","1919",2001,"","","","FED","1982","2001","","","","","",""
1387971,"Smith","Jerry","Edwin"," ","1946",,"5","1987","","","","","","","","","",""
1387976,"Smith","John","Joseph"," ","1904",1980,"","","","2","1960","1980","","","","","",""
1391576,"Smith","Lavenski","R."," ","1958",,"8","2002","","","","","","","","","",""
1392401,"Smith","Milan","Dale","Jr.","1942",,"9","2006","","","","","","","","","",""
1392521,"Smith","N[orman]","Randy"," ","1949",,"9","2007","","","","","","","","","",""
1388021,"Smith","Walter","Inglewood"," ","1862",1922,"","","","8","1911","1922","","","","","",""
1388031,"Smith","William","Francis"," ","1903",1968,"","","","3","1961","1968","","","","","",""
1388041,"Smyth","Constantine","Joseph"," ","1859",1924,"DC","1917","1924","","","","","","","","",""
1388046,"Sneed","Joseph","Tyree","III","1920",2008,"9","1973","2008","","","","","","","","",""
1388051,"Sneeden","Emory","Marlin"," ","1927",1987,"4","1984","1986","","","","","","","","",""
1388061,"Sobeloff","Simon","E."," ","1894",1973,"4","1956","1973","","","","","","","","",""
1388081,"Soper","Morris","Ames"," ","1873",1963,"","","","4","1932","1963","","","","","",""
1388091,"Sotomayor","Sonia"," "," ","1954",,"","","","2","1998","2009","","","","","",""
1388096,"Souter","David","Hackett"," ","1939",,"1","1990","1990","","","","","","","","",""
1392651,"Southwick","Leslie"," "," ","1950",,"5","2007","","","","","","","","","",""
1388106,"Sparks","William","Morris"," ","1872",1950,"7","1929","1950","","","","","","","","",""
1388161,"Sprecher","Robert","Arthur"," ","1917",1982,"7","1971","1982","","","","","","","","",""
1388171,"Sprouse","James","Marshall"," ","1923",2004,"4","1979","1995","","","","","","","","",""
1394216,"Srinivasan","Srikanth"," "," ","1967",,"DC","2013","","","","","","","","","",""
1391621,"St. Eve","Amy","Joan"," ","1965",,"","","","7","2018","","","","","","",""
1388206,"Stahl","David","Henry"," ","1920",1970,"3","1968","1970","","","","","","","","",""
1388211,"Stahl","Norman","H."," ","1931",,"","","","1","1992","","","","","","",""
1388221,"Staley","Austin","Leander"," ","1902",1978,"3","1950","1978","","","","","","","","",""
1388251,"Stapleton","Walter","King"," ","1934",,"","","","3","1985","","","","","","",""
1393291,"Stark","Leonard","Philip"," ","1969",,"","","","FED","2022","","","","","","",""
1388256,"Starr","Kenneth","Winston"," ","1946",,"DC","1983","1989","","","","","","","","",""
1388296,"Stephens","Albert","Lee","Sr.","1874",1965,"","","","9","1937","1965","","","","","",""
1388301,"Stephens","Harold","Montelle"," ","1886",1955,"DC","1935","1948","DC","1948","1948","DC","1948","1955","","",""
1388311,"Stephenson","Roy","Laverne"," ","1917",1982,"","","","8","1971","1982","","","","","",""
1388326,"Stevens","John","Paul"," ","1920",2019,"7","1970","1975","","","","","","","","",""
1388336,"Stewart","Carl","E."," ","1950",,"5","1994","","","","","","","","","",""
1388346,"Stewart","Potter"," "," ","1915",1985,"6","1954","1958","","","","","","","","",""
1394791,"Stoll","Kara","Farnandez"," ","1968",,"FED","2015","","","","","","","","","",""
1388376,"Stone","Kimbrough"," "," ","1875",1958,"8","1916","1958","","","","","","","","",""
1393306,"Stranch","Jane","Branstetter"," ","1953",,"6","2010","","","","","","","","","",""
4097796,"Stras","David","Ryan","","1974",,"8","2018","","","","","","","","","",""
1390726,"Straub","Chester","J."," ","1937",,"2","1998","","","","","","","","","",""
1388416,"Strum","Louie","Willard"," ","1890",1954,"","","","5","1950","1954","","","","","",""
1388431,"Suhrheinrich","Richard","Fred"," ","1936",,"","","","6","1990","","","","","","",""
1392581,"Sullivan","Richard","Joseph"," ","1964",,"","","","2","2018","","","","","","",""
11201336,"Sung","Jennifer","","","1972",,"9","2021","","","","","","","","","",""
1391886,"Sutton","Jeffrey","S."," ","1960",,"6","2003","","","","","","","","","",""
1388466,"Swaim","Hardress","Nathan"," ","1890",1957,"7","1950","1957","","","","","","","","",""
1388476,"Swan","Thomas","Walter"," ","1877",1975,"2","1926","1975","","","","","","","","",""
1388516,"Swygert","Luther","Merritt"," ","1905",1988,"","","","7","1961","1988","","","","","",""
1392206,"Sykes","Diane","S."," ","1957",,"7","2004","","","","","","","","","",""
1388526,"Tacha","Deanell","Reece"," ","1946",,"10","1985","2011","","","","","","","","",""
1388531,"Taft","William","Howard"," ","1857",1930,"","","","6","1892","1900","","","","","",""
1391186,"Tallman","Richard","C."," ","1953",,"9","2000","","","","","","","","","",""
1388551,"Tamm","Edward","Allen"," ","1906",1985,"","","","DC","1965","1985","","","","","",""
1388561,"Tang","Thomas"," "," ","1922",1995,"9","1977","1995","","","","","","","","",""
1394141,"Taranto","Richard","Gary"," ","1957",,"FED","2013","","","","","","","","","",""
1388571,"Tashima","Atsushi","Wallace"," ","1934",,"","","","9","1996","","","","","","",""
1388576,"Tate","Albert"," ","Jr.","1920",1986,"5","1979","1986","","","","","","","","",""
1388581,"Tatel","David","S."," ","1942",,"DC","1994","","","","","","","","","",""
1393951,"Thacker","Stephanie","Dawn"," ","1965",,"4","2012","","","","","","","","","",""
1392666,"Thapar","Amul","Roger"," ","1969",,"","","","6","2017","","","","","","",""
1388671,"Thayer","Amos","Madden"," ","1841",1905,"","","","","","","8","1894","1905","","",""
1388686,"Thomas","Clarence"," "," ","1948",,"DC","1990","1991","","","","","","","","",""
11386196,"Thomas","Holly","Aiyisha","","1979",,"9","2022","","","","","","","","","",""
1388706,"Thomas","Seth"," "," ","1873",1962,"8","1936","1962","","","","","","","","",""
1388711,"Thomas","Sidney","Runyan"," ","1953",,"9","1996","","","","","","","","","",""
1388746,"Thompson","David","R."," ","1930",2011,"9","1985","2011","","","","","","","","",""
1388756,"Thompson","Joseph","Whitaker"," ","1861",1946,"","","","3","1931","1946","","","","","",""
1393001,"Thompson","Ojetta","Rogeriee"," ","1951",,"1","2010","","","","","","","","","",""
1388791,"Thornberry","William","Homer"," ","1909",1995,"","","","5","1965","1995","","","","","",""
1388821,"Timbers","William","Homer"," ","1915",1994,"","","","2","1971","1994","","","","","",""
1388836,"Tinder","John","Daniel"," ","1950",,"","","","7","2007","2015","","","","","",""
1388841,"Tjoflat","Gerald","Bard"," ","1929",,"","","","5","1975","1981","11","1981","","","",""
1388866,"Tone","Philip","Willis"," ","1923",2001,"","","","7","1974","1980","","","","","",""
1388876,"Torruella","Juan","R."," ","1933",2020,"","","","1","1984","2020","","","","","",""
1388886,"Townsend","William","Kneeland"," ","1849",1907,"","","","","","","2","1902","1907","","",""
1388896,"Trask","Ozell","Miller"," ","1909",1984,"9","1969","1984","","","","","","","","",""
1388906,"Traxler","William","Byrd","Jr.","1948",,"","","","4","1998","","","","","","",""
1388911,"Treanor","Walter","Emanuel"," ","1883",1941,"7","1937","1941","","","","","","","","",""
1388956,"Trott","Stephen","S."," ","1939",,"9","1988","","","","","","","","","",""
1389006,"Tuttle","Elbert","Parr"," ","1897",1996,"5","1954","1981","11","1981","1996","","","","","",""
1391791,"Tymkovich","Timothy","M."," ","1956",,"10","2003","","","","","","","","","",""
1389056,"Van Antwerpen","Franklin","Stuart"," ","1941",2016,"","","","3","2004","2016","","","","","",""
1389071,"Van Devanter","Willis"," "," ","1859",1941,"","","","8","1903","1910","","","","","",""
1389076,"Van Dusen","Francis","Lund"," ","1912",1993,"","","","3","1967","1993","","","","","",""
1389086,"Van Graafeiland","Ellsworth","Alfred"," ","1915",2004,"2","1974","2004","","","","","","","","",""
1389096,"Van Oosterhout","Martin","Donald"," ","1900",1979,"8","1954","1979","","","","","","","","",""
1389101,"Van Orsdel","Josiah","Alexander"," ","1860",1937,"DC","1907","1937","","","","","","","","",""
1389121,"Van Valkenburgh","Arba","Seymour"," ","1862",1944,"","","","8","1925","1944","","","","","",""
1389126,"Vanaskie","Thomas","Ignatius"," ","1953",,"","","","3","2010","2019","","","","","",""
1389131,"Vance","Robert","Smith"," ","1931",1989,"5","1977","1981","11","1981","1989","","","","","",""
7504281,"VanDyke","Lawrence","James Christopher","","1972",,"9","2020","","","","","","","","","",""
1389186,"Vinson","Frederick","Moore"," ","1890",1953,"DC","1937","1943","","","","","","","","",""
1389191,"Vogel","Charles","Joseph"," ","1898",1980,"","","","8","1954","1980","","","","","",""
1389226,"Waddill","Edmund"," ","Jr.","1855",1931,"","","","4","1921","1931","","","","","",""
1389246,"Wald","Patricia","McGowan"," ","1928",2019,"DC","1979","1999","","","","","","","","",""
1389266,"Walker","John","Mercer","Jr.","1940",,"","","","2","1989","","","","","","",""
7263221,"Walker","Justin","Reed","","1982",,"","","","DC","2020","","","","","","",""
1389276,"Walker","Richard","Wilde"," ","1857",1936,"5","1914","1936","","","","","","","","",""
1389291,"Wallace","John","Clifford"," ","1928",,"","","","9","1972","","","","","","",""
1389296,"Wallace","William","James"," ","1837",1917,"","","","","","","2","1891","1907","","",""
1392931,"Wallach","Evan","Jonathan"," ","1949",,"","","","FED","2011","","","","","","",""
1389306,"Waller","Curtis","Longino"," ","1887",1950,"","","","","","","5","1943","1950","","",""
1389351,"Ward","Henry","Galbraith"," ","1851",1933,"","","","2","1907","1924","","","","","",""
1389371,"Wardlaw","Kim","McLane"," ","1954",,"","","","9","1998","","","","","","",""
1389411,"Warrington","John","Wesley"," ","1844",1921,"","","","6","1909","1921","","","","","",""
1389421,"Washington","George","Thomas"," ","1908",1971,"DC","1950","1971","","","","","","","","",""
1389426,"Waterman","Sterry","Robinson"," ","1901",1984,"2","1955","1984","","","","","","","","",""
1393991,"Watford","Paul","Jeffrey"," ","1967",,"9","2012","","","","","","","","","",""
1389516,"Webster","William","Hedgcock"," ","1924",,"","","","8","1973","1978","","","","","",""
1389521,"Weick","Paul","Charles"," ","1899",1997,"","","","6","1959","1997","","","","","",""
1389561,"Weis","Joseph","Francis","Jr.","1923",2014,"","","","3","1973","2014","","","","","",""
1389576,"Wellford","Harry","Walker"," ","1924",2021,"","","","6","1982","2021","","","","","",""
1391866,"Wesley","Richard","C."," ","1949",,"2","2003","","","","","","","","","",""
1392726,"White","Helene","N."," ","1954",,"6","2008","","","","","","","","","",""
1389716,"Whittaker","Charles","Evans"," ","1901",1973,"","","","8","1956","1957","","","","","",""
1389731,"Widener","Hiram","Emory","Jr.","1923",2007,"","","","4","1972","2007","","","","","",""
1389736,"Wiener","Jacques","Loeb","Jr.","1934",,"5","1990","","","","","","","","","",""
1389741,"Wiggins","Charles","Edward"," ","1927",2000,"9","1984","2000","","","","","","","","",""
1389746,"Wilbur","Curtis","Dwight"," ","1867",1954,"9","1929","1954","","","","","","","","",""
1389766,"Wilkey","Malcolm","Richard"," ","1918",2009,"DC","1970","1985","","","","","","","","",""
1393586,"Wilkins","Robert","Leon"," ","1963",,"","","","DC","2014","","","","","","",""
1389791,"Wilkins","William","Walter"," ","1942",,"","","","4","1986","2008","","","","","",""
1389796,"Wilkinson","James","Harvie","III","1944",,"4","1984","","","","","","","","","",""
4025356,"Willett","Don","R.","","1966",,"5","2018","","","","","","","","","",""
1389816,"Williams","Ann","Claire"," ","1949",,"","","","7","1999","2018","","","","","",""
1389841,"Williams","Jerre","Stockton"," ","1916",1993,"5","1980","1993","","","","","","","","",""
1389851,"Williams","Karen","J."," ","1951",2013,"4","1992","2013","","","","","","","","",""
1389866,"Williams","Robert","Lee"," ","1868",1948,"","","","10","1937","1948","","","","","",""
1389876,"Williams","Stephen","Fain"," ","1936",2020,"DC","1986","2020","","","","","","","","",""
1390986,"Wilson","Charles","R."," ","1954",,"11","1999","","","","","","","","","",""
8479971,"Wilson","Cory","Todd","","1970",,"5","2020","","","","","","","","","",""
1389911,"Wilson","Scott"," "," ","1870",1942,"1","1929","1942","","","","","","","","",""
1389961,"Winter","Harrison","Lee"," ","1921",1990,"","","","4","1966","1990","","","","","",""
1389966,"Winter","Ralph","K.","Jr.","1935",2020,"2","1981","2020","","","","","","","","",""
1389971,"Wisdom","John","Minor"," ","1905",1999,"5","1957","1999","","","","","","","","",""
1390021,"Wollman","Roger","Leland"," ","1934",,"8","1985","","","","","","","","","",""
1390036,"Wood","Diane","Pamela"," ","1950",,"7","1995","","","","","","","","","",""
1390041,"Wood","Harlington"," ","Jr.","1920",2008,"","","","7","1976","2008","","","","","",""
1390066,"Woodbury","Peter"," "," ","1899",1970,"1","1941","1970","","","","","","","","",""
1390076,"Woodrough","Joseph","William"," ","1873",1977,"","","","8","1933","1977","","","","","",""
1390086,"Woods","Charles","Albert"," ","1852",1925,"4","1913","1925","","","","","","","","",""
1390101,"Woods","William","Allen"," ","1837",1901,"","","","","","","7","1892","1901","","",""
1390121,"Woolley","Victor","Baynard"," ","1867",1945,"3","1914","1945","","","","","","","","",""
1390151,"Wright","Eugene","Allen"," ","1913",2002,"9","1969","2002","","","","","","","","",""
1390161,"Wright","James","Skelly"," ","1911",1988,"","","","DC","1962","1988","","","","","",""
1393301,"Wynn","James","Andrew","Jr.","1954",,"4","2010","","","","","","","","","",""
